# Block et al. 2003 Fig.4A,C (p.2354), raster-digitised (colour). load_pN_hindering = -(Block's longitudinal force). Velocity axes calibrated from ticks: 1.3390 px/(nm/s) left, 20.4400 px/(nm/s) right.
quantity,atp,load_pN_hindering,value,sem_approx
randomness,1.6mM,-4.733,0.4036,0.0187
randomness,1.6mM,-4.051,0.4123,0.0299
randomness,1.6mM,-3.06,0.3792,0.0271
randomness,1.6mM,-2.014,0.3771,0.0243
randomness,1.6mM,-1.029,0.4213,0.0243
randomness,1.6mM,1.007,0.3632,0.0215
randomness,1.6mM,1.939,0.3604,0.0243
randomness,1.6mM,2.744,0.3604,0.0187
randomness,1.6mM,3.713,0.5521,0.0382
randomness,1.6mM,4.771,0.8632,0.0576
randomness,4.2uM,-7.91,0.7703,0.0493
randomness,4.2uM,-5.287,0.8144,0.0493
randomness,4.2uM,-2.996,0.9132,0.0493
randomness,4.2uM,-2.068,0.9035,0.0271
randomness,4.2uM,-1.083,1.019,0.0604
randomness,4.2uM,1.964,1.203,0.0521
randomness,4.2uM,3.072,1.092,0.0604
randomness,4.2uM,4.297,1.139,0.1271
velocity_nm_s,1.6mM,-4.727,649.7,13.1
velocity_nm_s,1.6mM,-4.034,651.2,11.6
velocity_nm_s,1.6mM,-2.984,677.5,7.1
velocity_nm_s,1.6mM,-2.011,670.6,7.1
velocity_nm_s,1.6mM,-1.034,676.5,14.6
velocity_nm_s,1.6mM,-0.494,650.1,13.1
velocity_nm_s,1.6mM,0.495,703.1,13.1
velocity_nm_s,1.6mM,1.014,664.3,13.1
velocity_nm_s,1.6mM,1.905,581.3,14.6
velocity_nm_s,1.6mM,2.723,501,10.1
velocity_nm_s,1.6mM,3.728,310.2,13.1
velocity_nm_s,1.6mM,4.745,127.5,8.6
velocity_nm_s,4.2uM,-7.903,46.1,1.1
velocity_nm_s,4.2uM,-5.28,43.1,1.1
velocity_nm_s,4.2uM,-4.383,46.3,1.3
velocity_nm_s,4.2uM,-3.021,43.2,0.5
velocity_nm_s,4.2uM,-2.975,41.6,1.5
velocity_nm_s,4.2uM,-2.094,41.9,1.1
velocity_nm_s,4.2uM,-1.077,34.3,1.2
velocity_nm_s,4.2uM,1.081,27.4,0.9
velocity_nm_s,4.2uM,1.986,19.4,1
velocity_nm_s,4.2uM,3.04,12.4,0.6
velocity_nm_s,4.2uM,4.246,4.1,0.5
