# Carter & Cross 2005 Fig.2c (p.310), vector-extracted. Velocity = mean amplitude / mean dwell per 1-pN bin; squares = trap-off bead velocity. Load > 0 hindering.
atp,load_pN,velocity_nm_s,marker
10uM,-14.41,213.4,bin
10uM,-13.58,162.7,bin
10uM,-12.38,222.4,bin
10uM,-11.41,308.9,bin
10uM,-10.36,207.4,bin
10uM,-9.534,129.8,bin
10uM,-8.484,285,bin
10uM,-7.434,162.7,bin
10uM,-6.384,273.1,bin
10uM,-5.484,243.2,bin
10uM,-4.434,249.2,bin
10uM,-3.609,168.6,bin
10uM,0.038,142,trap-off square
10uM,1.566,43.27,bin
10uM,2.616,40.28,bin
10uM,3.591,34.31,bin
10uM,4.566,13.41,bin
10uM,5.616,4.47,bin
10uM,6.516,-1.51,bin
10uM,7.416,-1.51,bin
10uM,8.391,-4.51,bin
10uM,9.666,-7.5,bin
10uM,10.49,-7.5,bin
10uM,11.39,-22.41,bin
10uM,12.52,-19.42,bin
10uM,13.64,-10.46,bin
10uM,14.54,-10.46,bin
1mM,-14.71,380.6,bin
1mM,-13.36,401.5,bin
1mM,-12.31,467.1,bin
1mM,-11.48,565.6,bin
1mM,-10.43,538.8,bin
1mM,-9.384,559.7,bin
1mM,-8.334,520.9,bin
1mM,-7.509,685,bin
1mM,-6.384,688,bin
1mM,-5.484,738.8,bin
1mM,-4.509,661.2,bin
1mM,-3.534,476.1,bin
1mM,-2.409,583.5,bin
1mM,-1.359,431.3,bin
1mM,0.038,823.9,trap-off square
1mM,1.641,368.6,bin
1mM,2.616,338.8,bin
1mM,3.591,207.4,bin
1mM,4.566,111.9,bin
1mM,6.516,-1.51,bin
1mM,7.491,-7.5,bin
1mM,8.541,-19.42,bin
1mM,9.516,-16.44,bin
1mM,10.57,-22.41,bin
1mM,11.54,-25.39,bin
1mM,12.59,-31.36,bin
1mM,13.49,-31.36,bin
1mM,14.47,-25.39,bin
