# Carter & Cross 2005 Fig.2b (p.310), vector-extracted. Filled = forward-step dwells, open = backward-step dwells (1-pN bins, s.e.m. bars not extracted).
atp,step,load_pN,mean_dwell_ms,marker
10uM,backward,2.328,51.43,bin
10uM,backward,3.378,324.5,bin
10uM,backward,4.578,873.4,bin
10uM,backward,5.778,1353,bin
10uM,backward,6.453,1518,bin
10uM,backward,7.428,1206,bin
10uM,backward,8.478,2297,bin
10uM,backward,9.678,1262,bin
10uM,backward,10.5,1417,bin
10uM,backward,11.4,381.3,bin
10uM,backward,12.53,491.2,bin
10uM,backward,13.65,1075,bin
10uM,backward,14.55,853.5,bin
10uM,forward,-14.4,31.71,bin
10uM,forward,-13.5,39.01,bin
10uM,forward,-12.37,29.59,bin
10uM,forward,-11.4,22.45,bin
10uM,forward,-10.35,34.77,bin
10uM,forward,-9.522,50.26,bin
10uM,forward,-8.472,24.61,bin
10uM,forward,-7.422,43.77,bin
10uM,forward,-6.372,26.99,bin
10uM,forward,-5.472,30.99,bin
10uM,forward,-4.422,28.26,bin
10uM,forward,-3.597,25.19,bin
10uM,forward,0.078,54.56,trap-off square
10uM,forward,1.578,144.9,bin
10uM,forward,2.628,144.9,bin
10uM,forward,3.603,170.3,bin
10uM,forward,4.578,295.9,bin
10uM,forward,5.553,491.2,bin
10uM,forward,6.528,873.4,bin
10uM,forward,7.428,957.7,bin
10uM,forward,8.403,538.5,bin
1mM,backward,3.571,59.05,bin
1mM,backward,4.546,138.4,bin
1mM,backward,5.522,112.5,bin
1mM,backward,6.572,195.5,bin
1mM,backward,7.546,235.1,bin
1mM,backward,8.521,296,bin
1mM,backward,9.572,458.4,bin
1mM,backward,10.55,347.7,bin
1mM,backward,11.52,302.8,bin
1mM,backward,12.57,251.9,bin
1mM,backward,13.47,257.8,bin
1mM,backward,14.45,347.7,bin
1mM,forward,-14.43,16.64,bin
1mM,forward,-13.45,18.25,bin
1mM,forward,-12.48,13.84,bin
1mM,forward,-11.43,12.06,bin
1mM,forward,-10.37,13.84,bin
1mM,forward,-9.404,13.84,bin
1mM,forward,-8.353,13.84,bin
1mM,forward,-7.528,11.25,bin
1mM,forward,-6.403,11.25,bin
1mM,forward,-5.429,11,bin
1mM,forward,-4.528,12.34,bin
1mM,forward,-3.553,16.64,bin
1mM,forward,-2.428,15.53,bin
1mM,forward,-1.378,19.11,bin
1mM,forward,0.103,10.02,trap-off square
1mM,forward,2.822,22.45,bin
1mM,forward,3.571,30.29,bin
1mM,forward,4.546,40.85,bin
1mM,forward,5.447,66.26,bin
1mM,forward,6.422,151.8,bin
1mM,forward,7.396,246.2,bin
1mM,forward,8.447,204.8,bin
1mM,forward,9.347,632.7,bin
1mM,forward,10.4,324.5,bin
