# Carter & Cross 2005 Fig.2a inset (p.310), vector-extracted.
atp,load_pN,forward_to_backward_ratio
10uM,2.248,6.208
10uM,2.729,32.07
10uM,3.252,17.55
10uM,3.734,53.68
10uM,4.217,19.53
10uM,4.738,9.244
10uM,5.213,6.376
10uM,5.701,3.007
10uM,6.22,1.882
10uM,6.712,2.851
10uM,6.712,2.851
10uM,7.194,1.345
10uM,7.709,1.464
10uM,8.191,1.171
10uM,8.68,0.987
10uM,9.189,0.2469
1mM,2.243,60.37
1mM,2.729,84.9
1mM,3.255,30.32
1mM,3.734,29.43
1mM,4.221,15.6
1mM,4.738,7.166
1mM,5.225,4.034
1mM,5.711,5.847
1mM,6.23,2.076
1mM,6.707,1.424
1mM,7.194,0.9535
1mM,7.703,0.4034
1mM,8.198,0.3406
1mM,8.67,0.1005
1mM,9.194,0.0987
1mM,10.16,0.0763
