# Sozanski et al. 2015 Fig.2b (p.218102-2), raster-digitised by colour; 297 +/- 2 K, 1 mM ATP. Markers overlapping in colour/position may be merged or missed; check against the figure.
crowder,eta_eff_over_eta0,velocity_um_s,blob_area_px
BSA,1.099,0.6834,564
BSA,1.179,0.7543,408
BSA,1.337,0.6882,1112
BSA,1.915,0.5496,536
BSA,3.207,0.4847,564
Dextran 10 kg/mol,2.091,0.6332,244
Dextran 10 kg/mol,2.823,0.4713,392
Dextran 10 kg/mol,3.938,0.3667,484
Dextran 500 kg/mol,1.067,0.8035,588
Dextran 500 kg/mol,1.311,0.7615,568
PEG 1000 kg/mol,1.169,0.9753,360
PEG 1000 kg/mol,1.283,0.8298,356
PEG 1000 kg/mol,1.458,0.9043,424
PEG 1000 kg/mol,1.778,0.8884,384
PEG 18 kg/mol,1.849,0.8405,520
PEG 18 kg/mol,2.586,0.8076,536
PEG 18 kg/mol,3.446,0.801,512
PEG 18 kg/mol,4.467,0,544
PEG 6 kg/mol,2.209,0.6199,472
PEG 6 kg/mol,2.428,0.5129,528
PEG 6 kg/mol,2.67,0.4721,576
PEG 6 kg/mol,2.922,0.4283,576
PEG 6 kg/mol,3.479,0.001,528
PEG 6 kg/mol,4.828,0.001,528
Sucrose,1.473,0.6303,428
Sucrose,3.074,0.3824,420
Sucrose,8.791,0.1495,364
TetraEG,1.761,0.4065,420
TetraEG,3.233,0.0957,420
TetraEG,6.074,-0.0025,300
