# Visscher 1999 Fig.3a (p.186), raster-digitised (colour). Force clamp, squid kinesin. sem = half the error-bar extent incl. caps.
atp,load_pN,velocity_nm_s,sem_approx
2mM,0.288,795.3,13.6
2mM,0.529,853.9,13.1
2mM,1.059,793.2,12.6
2mM,1.998,727.3,12.6
2mM,3.071,672.4,13.6
2mM,3.641,649,16
2mM,4.231,541,12.6
2mM,4.981,478.4,17
2mM,5.402,462.9,19.9
2mM,5.764,370.6,18.9
2mM,6.143,236.4,15
2mM,6.313,148.1,16
2mM,6.564,158.9,14.1
5uM,0.531,56.1,1.4
5uM,1.051,48.2,1.7
5uM,2.071,37.5,1.1
5uM,2.871,33.9,1.2
5uM,3.573,26.5,1.6
5uM,4.133,20.4,1.8
5uM,4.584,14.5,1.4
5uM,4.824,8.5,1
5uM,5.596,5.7,1
